{"cameraMode":{"drawMode":0,"name":"Shaded","section":"Shading Mode"},"sceneLighting":false,"audioPlay":false,"sceneViewState":{"m_AlwaysRefresh":false,"showFog":false,"showSkybox":false,"showFlares":false,"showImageEffects":false,"showParticleSystems":false,"showVisualEffectGraphs":true,"m_FxEnabled":true},"in2DMode":false,"pivot":{"x":-0.0036748647689819338,"y":3.302114963531494,"z":-0.23335403203964234},"rotation":{"x":0.10379848629236222,"y":-0.8858119249343872,"z":0.2397378832101822,"w":0.38353535532951357},"size":3.5852272510528566,"orthographic":false}